{
  "ticker": "AAPL",
  "training_date": "2025-09-23T00:35:33.392453",
  "hyperparameters": {
    "class_weight": null,
    "max_depth": 20,
    "max_features": "sqrt",
    "min_samples_leaf": 2,
    "min_samples_split": 5,
    "n_estimators": 100
  },
  "evaluation_metrics": {
    "accuracy": 0.45454545454545453,
    "precision": 0.774703557312253,
    "recall": 0.45454545454545453,
    "f1_score": 0.351254627725216,
    "roc_auc": 0.5573770491803279
  },
  "feature_count": 77
}