{
  "ticker": "AAPL",
  "training_date": "2025-09-23T21:37:09.477260",
  "hyperparameters": {
    "class_weight": null,
    "max_depth": null,
    "max_features": "log2",
    "min_samples_leaf": 1,
    "min_samples_split": 10,
    "n_estimators": 50
  },
  "evaluation_metrics": {
    "accuracy": 0.509325681492109,
    "precision": 0.49446159859292554,
    "recall": 0.509325681492109,
    "f1_score": 0.4755909988156336,
    "roc_auc": 0.5162353757683918
  },
  "feature_count": 77
}