{
  "ticker": "AAPL",
  "training_date": "2025-09-23T15:03:09.028107",
  "hyperparameters": {
    "class_weight": "balanced",
    "max_depth": 20,
    "max_features": "log2",
    "min_samples_leaf": 1,
    "min_samples_split": 10,
    "n_estimators": 50
  },
  "evaluation_metrics": {
    "accuracy": 0.48776978417266187,
    "precision": 0.4735268979018295,
    "recall": 0.48776978417266187,
    "f1_score": 0.46508808621644665,
    "roc_auc": 0.4995680202033628
  },
  "feature_count": 77
}