{
  "ticker": "AMZN",
  "training_date": "2025-09-23T00:38:50.121664",
  "hyperparameters": {
    "class_weight": null,
    "max_depth": 10,
    "max_features": null,
    "min_samples_leaf": 1,
    "min_samples_split": 5,
    "n_estimators": 100
  },
  "evaluation_metrics": {
    "accuracy": 0.5050505050505051,
    "precision": 0.5150928932178932,
    "recall": 0.5050505050505051,
    "f1_score": 0.49459490838801184,
    "roc_auc": 0.535392798690671
  },
  "feature_count": 77
}