{
  "ticker": "MSFT",
  "training_date": "2025-09-23T11:27:46.751522",
  "hyperparameters": {
    "class_weight": "balanced",
    "max_depth": 10,
    "max_features": null,
    "min_samples_leaf": 4,
    "min_samples_split": 2,
    "n_estimators": 50
  },
  "evaluation_metrics": {
    "accuracy": 0.5151515151515151,
    "precision": 0.5565167673453153,
    "recall": 0.5151515151515151,
    "f1_score": 0.522334455667789,
    "roc_auc": 0.5967741935483871
  },
  "feature_count": 77
}