{
  "ticker": "MSFT",
  "training_date": "2025-09-23T00:33:35.228409",
  "hyperparameters": {
    "class_weight": "balanced",
    "max_depth": 10,
    "max_features": null,
    "min_samples_leaf": 4,
    "min_samples_split": 10,
    "n_estimators": 50
  },
  "evaluation_metrics": {
    "accuracy": 0.4444444444444444,
    "precision": 0.5510424612255277,
    "recall": 0.4444444444444444,
    "f1_score": 0.41286367054196316,
    "roc_auc": 0.5492589363557105
  },
  "feature_count": 77
}