{
  "ticker": "TSLA",
  "training_date": "2025-09-23T00:40:32.952411",
  "hyperparameters": {
    "class_weight": null,
    "max_depth": 10,
    "max_features": null,
    "min_samples_leaf": 1,
    "min_samples_split": 5,
    "n_estimators": 100
  },
  "evaluation_metrics": {
    "accuracy": 0.3333333333333333,
    "precision": 0.782312925170068,
    "recall": 0.3333333333333333,
    "f1_score": 0.17903469079939668,
    "roc_auc": 0.548973880597015
  },
  "feature_count": 77
}